"Origin Movement ID","Origin Display Name","Destination Movement ID","Destination Display Name","Date Range","Mean Travel Time (Seconds)","Range - Lower Bound Travel Time (Seconds)","Range - Upper Bound Travel Time (Seconds)"
"1292","Presidio of San Francisco, San Francisco, CA","8","700 Carlsbad Court, Petaluma","11/15/2016 - 12/15/2016, Every day, Daily Average",2396,1873,3064
"1292","Presidio of San Francisco, San Francisco, CA","9","500 Hyde Street, Tenderloin, San Francisco","11/15/2016 - 12/15/2016, Every day, Daily Average",1171,916,1496
"1292","Presidio of San Francisco, San Francisco, CA","20","900 Sutter Street, Lower Nob Hill, San Francisco","11/15/2016 - 12/15/2016, Every day, Daily Average",986,741,1310
"1292","Presidio of San Francisco, San Francisco, CA","21","3400 Pierce Street, Marina District, San Francisco","11/15/2016 - 12/15/2016, Every day, Daily Average",371,246,558
"1292","Presidio of San Francisco, San Francisco, CA","26","Cornell Street, Sonoma","11/15/2016 - 12/15/2016, Every day, Daily Average",3404,2664,4349
"1292","Presidio of San Francisco, San Francisco, CA","44","1700 Egbert Avenue, Bayview, San Francisco","11/15/2016 - 12/15/2016, Every day, Daily Average",2138,1734,2635
"1292","Presidio of San Francisco, San Francisco, CA","46","500 Chester Street, West Oakland, Oakland","11/15/2016 - 12/15/2016, Every day, Daily Average",2192,1667,2881
"1292","Presidio of San Francisco, San Francisco, CA","75","0 Napa Road, Sonoma","11/15/2016 - 12/15/2016, Every day, Daily Average",3187,2436,4168
"1292","Presidio of San Francisco, San Francisco, CA","79","1500 California Street, Polk Gulch, San Francisco","11/15/2016 - 12/15/2016, Every day, Daily Average",945,712,1252
"1292","Presidio of San Francisco, San Francisco, CA","80","0 Farren Street, Western Addition, San Francisco","11/15/2016 - 12/15/2016, Every day, Daily Average",788,576,1076
"1292","Presidio of San Francisco, San Francisco, CA","81","0 Berkeley Way, Diamond Heights, San Francisco","11/15/2016 - 12/15/2016, Every day, Daily Average",1500,1152,1951
"1292","Presidio of San Francisco, San Francisco, CA","82","2700 25th Street, Mission District, San Francisco","11/15/2016 - 12/15/2016, Every day, Daily Average",1542,1146,2074
"1292","Presidio of San Francisco, San Francisco, CA","83","300 Mason Street, Healdsburg","11/15/2016 - 12/15/2016, Every day, Daily Average",4533,3587,5727
"1292","Presidio of San Francisco, San Francisco, CA","87","2200 Wyandotte Street, Mountain View","11/15/2016 - 12/15/2016, Every day, Daily Average",3581,2843,4509
"1292","Presidio of San Francisco, San Francisco, CA","91","700 Industrial Road, San Carlos","11/15/2016 - 12/15/2016, Every day, Daily Average",2828,2253,3549
"1292","Presidio of San Francisco, San Francisco, CA","98","500 10th Street, Downtown Oakland, Oakland","11/15/2016 - 12/15/2016, Every day, Daily Average",2325,1723,3136
"1292","Presidio of San Francisco, San Francisco, CA","113","1200 Hayes Street, Western Addition, San Francisco","11/15/2016 - 12/15/2016, Every day, Daily Average",920,693,1219
"1292","Presidio of San Francisco, San Francisco, CA","123","20000 Merritt Drive, Cupertino","11/15/2016 - 12/15/2016, Every day, Daily Average",3762,3107,4554
"1292","Presidio of San Francisco, San Francisco, CA","138","0 Maria Drive, Petaluma","11/15/2016 - 12/15/2016, Every day, Daily Average",2331,1814,2994
"1292","Presidio of San Francisco, San Francisco, CA","141","3500 Brooks Avenue, Santa Rosa","11/15/2016 - 12/15/2016, Every day, Daily Average",3114,2469,3926
"1292","Presidio of San Francisco, San Francisco, CA","142","400 Steele Lane, West Junior College, Santa Rosa","11/15/2016 - 12/15/2016, Every day, Daily Average",3404,2688,4310
"1292","Presidio of San Francisco, San Francisco, CA","146","1500 Menlo Avenue, Napa","11/15/2016 - 12/15/2016, Every day, Daily Average",3712,3064,4496
"1292","Presidio of San Francisco, San Francisco, CA","151","500 20th Street, Downtown Oakland, Oakland","11/15/2016 - 12/15/2016, Every day, Daily Average",2454,1862,3232
"1292","Presidio of San Francisco, San Francisco, CA","153","400 Giannini Drive, Santa Clara","11/15/2016 - 12/15/2016, Every day, Daily Average",3907,3175,4807
"1292","Presidio of San Francisco, San Francisco, CA","155","400 North Mary Avenue, Sunnyvale West, Sunnyvale","11/15/2016 - 12/15/2016, Every day, Daily Average",3842,3169,4656
"1292","Presidio of San Francisco, San Francisco, CA","165","2200 Franklin Street, Pacific Heights, San Francisco","11/15/2016 - 12/15/2016, Every day, Daily Average",675,498,914
"1292","Presidio of San Francisco, San Francisco, CA","181","3400 Richmond Boulevard, Oakland Ave - Harrison St, Oakland","11/15/2016 - 12/15/2016, Every day, Daily Average",2333,1803,3018
"1292","Presidio of San Francisco, San Francisco, CA","186","1800 Vicente Street, Sunset District, San Francisco","11/15/2016 - 12/15/2016, Every day, Daily Average",919,685,1232
"1292","Presidio of San Francisco, San Francisco, CA","206","1300 15th Street, Mission District, San Francisco","11/15/2016 - 12/15/2016, Every day, Daily Average",1445,1079,1934
"1292","Presidio of San Francisco, San Francisco, CA","207","1100 Guerrero Street, Mission District, San Francisco","11/15/2016 - 12/15/2016, Every day, Daily Average",1721,1398,2118
"1292","Presidio of San Francisco, San Francisco, CA","208","600 Alabama Street, Mission District, San Francisco","11/15/2016 - 12/15/2016, Every day, Daily Average",1678,1295,2173
"1292","Presidio of San Francisco, San Francisco, CA","209","300 Wilde Avenue, Visitacion Valley, San Francisco","11/15/2016 - 12/15/2016, Every day, Daily Average",1800,1322,2449
"1292","Presidio of San Francisco, San Francisco, CA","210","100 Ramsell Street, Oceanview, San Francisco","11/15/2016 - 12/15/2016, Every day, Daily Average",1235,941,1619
"1292","Presidio of San Francisco, San Francisco, CA","211","200 16th Avenue, Richmond District, San Francisco","11/15/2016 - 12/15/2016, Every day, Daily Average",217,131,358
"1292","Presidio of San Francisco, San Francisco, CA","212","500 Washington Street, Financial District, San Francisco","11/15/2016 - 12/15/2016, Every day, Daily Average",1126,850,1491
"1292","Presidio of San Francisco, San Francisco, CA","232","1000 Beech Street, East Palo Alto","11/15/2016 - 12/15/2016, Every day, Daily Average",3347,2691,4161
"1292","Presidio of San Francisco, San Francisco, CA","234","100 Domestic Terminals Departures Level, San Francisco","11/15/2016 - 12/15/2016, Every day, Daily Average",2067,1642,2600
"1292","Presidio of San Francisco, San Francisco, CA","241","0 Pinheiro Circle, Novato","11/15/2016 - 12/15/2016, Every day, Daily Average",1563,1224,1995
"1292","Presidio of San Francisco, San Francisco, CA","242","0 El Pavo Real Circle, San Rafael","11/15/2016 - 12/15/2016, Every day, Daily Average",1124,852,1482
"1292","Presidio of San Francisco, San Francisco, CA","254","200 Firethorn Drive, Rohnert Park","11/15/2016 - 12/15/2016, Every day, Daily Average",2950,2353,3697
"1292","Presidio of San Francisco, San Francisco, CA","262","1000 Vallejo Street, Santa Rosa","11/15/2016 - 12/15/2016, Every day, Daily Average",3248,2585,4080
"1292","Presidio of San Francisco, San Francisco, CA","264","300 Irwin Street, San Rafael","11/15/2016 - 12/15/2016, Every day, Daily Average",955,702,1298
"1292","Presidio of San Francisco, San Francisco, CA","285","1600 Maritime Street, Oakland","11/15/2016 - 12/15/2016, Every day, Daily Average",2104,1540,2874
"1292","Presidio of San Francisco, San Francisco, CA","286","1000 10th Street, West Oakland, Oakland","11/15/2016 - 12/15/2016, Every day, Daily Average",2268,1686,3049
"1292","Presidio of San Francisco, San Francisco, CA","291","0 Rollingwood Drive, San Rafael","11/15/2016 - 12/15/2016, Every day, Daily Average",1370,1000,1876
"1292","Presidio of San Francisco, San Francisco, CA","294","1800 Golden Gate Drive, Napa","11/15/2016 - 12/15/2016, Every day, Daily Average",3444,2828,4192
"1292","Presidio of San Francisco, San Francisco, CA","299","Chinatown / North Beach Campus, Russian Hill, San Francisco","11/15/2016 - 12/15/2016, Every day, Daily Average",737,564,962
"1292","Presidio of San Francisco, San Francisco, CA","303","Bay Trail, Sunnyvale","11/15/2016 - 12/15/2016, Every day, Daily Average",3952,3119,5006
"1292","Presidio of San Francisco, San Francisco, CA","304","500 Zook Road, Mountain View","11/15/2016 - 12/15/2016, Every day, Daily Average",3665,3030,4432
"1292","Presidio of San Francisco, San Francisco, CA","306","200 Silverlake Drive, Lakewood, Sunnyvale","11/15/2016 - 12/15/2016, Every day, Daily Average",3672,2971,4538
"1292","Presidio of San Francisco, San Francisco, CA","311","200 Northgate Avenue, Westlake, Daly City","11/15/2016 - 12/15/2016, Every day, Daily Average",1265,967,1653
"1292","Presidio of San Francisco, San Francisco, CA","314","200 Alta Mesa Drive, Serra Highlands, South San Francisco","11/15/2016 - 12/15/2016, Every day, Daily Average",1546,1214,1967
"1292","Presidio of San Francisco, San Francisco, CA","315","900 Veterans Boulevard, Redwood City","11/15/2016 - 12/15/2016, Every day, Daily Average",2886,2312,3601
"1292","Presidio of San Francisco, San Francisco, CA","321","Nimitz Freeway, Downtown Oakland, Oakland","11/15/2016 - 12/15/2016, Every day, Daily Average",2380,1743,3248
"1292","Presidio of San Francisco, San Francisco, CA","322","300 Warwick Avenue, Adams Point, Oakland","11/15/2016 - 12/15/2016, Every day, Daily Average",2358,1839,3021
"1292","Presidio of San Francisco, San Francisco, CA","323","900 Embarcadero West, West Oakland, Oakland","11/15/2016 - 12/15/2016, Every day, Daily Average",2427,1784,3301
"1292","Presidio of San Francisco, San Francisco, CA","338","100 Hinman Road, Redwood City","11/15/2016 - 12/15/2016, Every day, Daily Average",2955,2366,3689
"1292","Presidio of San Francisco, San Francisco, CA","345","400 Moffett Boulevard, Mountain View","11/15/2016 - 12/15/2016, Every day, Daily Average",3664,3015,4451
"1292","Presidio of San Francisco, San Francisco, CA","347","900 Sycamore Drive, Midtown, Palo Alto","11/15/2016 - 12/15/2016, Every day, Daily Average",3388,2688,4269
"1292","Presidio of San Francisco, San Francisco, CA","385","0 Valley View Road, Orinda","11/15/2016 - 12/15/2016, Every day, Daily Average",2772,2246,3420
"1292","Presidio of San Francisco, San Francisco, CA","394","3600 Page Street, Friendly Acres, Redwood City","11/15/2016 - 12/15/2016, Every day, Daily Average",3143,2510,3934
"1292","Presidio of San Francisco, San Francisco, CA","403","800 Pine Lane, San Rafael","11/15/2016 - 12/15/2016, Every day, Daily Average",1194,919,1550
"1292","Presidio of San Francisco, San Francisco, CA","408","1800 Hillside Boulevard, Colma","11/15/2016 - 12/15/2016, Every day, Daily Average",1747,1395,2187
"1292","Presidio of San Francisco, San Francisco, CA","409","200 Nelson Avenue, Edgemar - Pacific Manor, Pacifica","11/15/2016 - 12/15/2016, Every day, Daily Average",1679,1291,2182
"1292","Presidio of San Francisco, San Francisco, CA","417","4400 Bell Avenue, Eastshore, Richmond","11/15/2016 - 12/15/2016, Every day, Daily Average",2189,1558,3073
"1292","Presidio of San Francisco, San Francisco, CA","423","200 Locust Avenue, San Rafael","11/15/2016 - 12/15/2016, Every day, Daily Average",1038,780,1381
"1292","Presidio of San Francisco, San Francisco, CA","433","600 Vanessa Drive, Central San Mateo, San Mateo","11/15/2016 - 12/15/2016, Every day, Daily Average",2516,2026,3124
"1292","Presidio of San Francisco, San Francisco, CA","434","1300 Franklin Street, Western Addition, San Francisco","11/15/2016 - 12/15/2016, Every day, Daily Average",888,664,1187
"1292","Presidio of San Francisco, San Francisco, CA","443","New Corona Heights Trail, The Castro, San Francisco","11/15/2016 - 12/15/2016, Every day, Daily Average",1071,831,1378
"1292","Presidio of San Francisco, San Francisco, CA","445","900 Divisadero Street, Western Addition, San Francisco","11/15/2016 - 12/15/2016, Every day, Daily Average",837,622,1126
"1292","Presidio of San Francisco, San Francisco, CA","452","1200 Green Street, Russian Hill, San Francisco","11/15/2016 - 12/15/2016, Every day, Daily Average",654,481,887
"1292","Presidio of San Francisco, San Francisco, CA","457","3100 West Street, Hoover - Foster, Oakland","11/15/2016 - 12/15/2016, Every day, Daily Average",2259,1737,2936
"1292","Presidio of San Francisco, San Francisco, CA","458","900 Webster Street, Downtown Oakland, Oakland","11/15/2016 - 12/15/2016, Every day, Daily Average",2377,1743,3241
"1292","Presidio of San Francisco, San Francisco, CA","463","2000 Bancroft Way, Downtown Berkeley, Berkeley","11/15/2016 - 12/15/2016, Every day, Daily Average",2780,2156,3583
"1292","Presidio of San Francisco, San Francisco, CA","477","0 Tara Road, Northwood - Tara, Orinda","11/15/2016 - 12/15/2016, Every day, Daily Average",2721,2186,3386
"1292","Presidio of San Francisco, San Francisco, CA","495","4200 Shelter Creek Lane, San Bruno","11/15/2016 - 12/15/2016, Every day, Daily Average",1865,1439,2415
"1292","Presidio of San Francisco, San Francisco, CA","499","600 Throckmorton Avenue, Mill Valley","11/15/2016 - 12/15/2016, Every day, Daily Average",1002,775,1294
"1292","Presidio of San Francisco, San Francisco, CA","528","600 Lexington Way, Oak Grove Manor, Burlingame","11/15/2016 - 12/15/2016, Every day, Daily Average",2334,1826,2982
"1292","Presidio of San Francisco, San Francisco, CA","532","200 Beach Street, North Beach, San Francisco","11/15/2016 - 12/15/2016, Every day, Daily Average",830,633,1088
"1292","Presidio of San Francisco, San Francisco, CA","533","1400 Grant Avenue, North Beach, San Francisco","11/15/2016 - 12/15/2016, Every day, Daily Average",969,727,1290
"1292","Presidio of San Francisco, San Francisco, CA","534","200 Walnut Street, Presidio Heights, San Francisco","11/15/2016 - 12/15/2016, Every day, Daily Average",267,126,565
"1292","Presidio of San Francisco, San Francisco, CA","535","0 Rossi Avenue, Richmond District, San Francisco","11/15/2016 - 12/15/2016, Every day, Daily Average",659,468,926
"1292","Presidio of San Francisco, San Francisco, CA","536","800 Franklin Street, Fillmore District, San Francisco","11/15/2016 - 12/15/2016, Every day, Daily Average",980,740,1296
"1292","Presidio of San Francisco, San Francisco, CA","537","500 Webster Street, Western Addition, San Francisco","11/15/2016 - 12/15/2016, Every day, Daily Average",1080,816,1427
"1292","Presidio of San Francisco, San Francisco, CA","541","200 San Fernando Way, St. Francis, Daly City","11/15/2016 - 12/15/2016, Every day, Daily Average",1362,1045,1774
"1292","Presidio of San Francisco, San Francisco, CA","542","2200 Kenry Way, Westborough, South San Francisco","11/15/2016 - 12/15/2016, Every day, Daily Average",1584,1247,2011
"1292","Presidio of San Francisco, San Francisco, CA","543","2500 Carmel Drive, San Bruno","11/15/2016 - 12/15/2016, Every day, Daily Average",1637,1290,2075
"1292","Presidio of San Francisco, San Francisco, CA","554","200 2nd Street, Sunnyvale","11/15/2016 - 12/15/2016, Every day, Daily Average",3950,3226,4835
"1292","Presidio of San Francisco, San Francisco, CA","591","2500 10th Avenue, Bella Vista, Oakland","11/15/2016 - 12/15/2016, Every day, Daily Average",2462,1921,3154
"1292","Presidio of San Francisco, San Francisco, CA","608","700 11th Street, Oakland","11/15/2016 - 12/15/2016, Every day, Daily Average",2237,1675,2986
"1292","Presidio of San Francisco, San Francisco, CA","609","700 19th Street, West Oakland, Oakland","11/15/2016 - 12/15/2016, Every day, Daily Average",2347,1760,3129
"1292","Presidio of San Francisco, San Francisco, CA","624","3300 Beechwood Drive, Stanley, Lafayette","11/15/2016 - 12/15/2016, Every day, Daily Average",2928,2411,3555
"1292","Presidio of San Francisco, San Francisco, CA","628","2300 Santa Clara Street, Richmond Annex, Richmond","11/15/2016 - 12/15/2016, Every day, Daily Average",2333,1625,3347
"1292","Presidio of San Francisco, San Francisco, CA","629","100 Guerrero Street, Mission Dolores, San Francisco","11/15/2016 - 12/15/2016, Every day, Daily Average",1296,980,1712
"1292","Presidio of San Francisco, San Francisco, CA","641","1400 Jackson Street, Nob Hill, San Francisco","11/15/2016 - 12/15/2016, Every day, Daily Average",738,550,989
"1292","Presidio of San Francisco, San Francisco, CA","642","600 Grant Avenue, Chinatown, San Francisco","11/15/2016 - 12/15/2016, Every day, Daily Average",1318,1003,1730
"1292","Presidio of San Francisco, San Francisco, CA","643","200 Myrtle Street, Tenderloin, San Francisco","11/15/2016 - 12/15/2016, Every day, Daily Average",1094,840,1423
"1292","Presidio of San Francisco, San Francisco, CA","644","200 Jones Street, Tenderloin, San Francisco","11/15/2016 - 12/15/2016, Every day, Daily Average",1337,1037,1723
"1292","Presidio of San Francisco, San Francisco, CA","645","1400 Chestnut Street, Marina District, San Francisco","11/15/2016 - 12/15/2016, Every day, Daily Average",506,367,696
"1292","Presidio of San Francisco, San Francisco, CA","646","500 Clayton Street, Haight-Ashbury, San Francisco","11/15/2016 - 12/15/2016, Every day, Daily Average",848,615,1167
"1292","Presidio of San Francisco, San Francisco, CA","647","800 Ashbury Street, Ashbury Heights, San Francisco","11/15/2016 - 12/15/2016, Every day, Daily Average",959,691,1329
"1292","Presidio of San Francisco, San Francisco, CA","648","3800 19th Street, Dolores Heights, San Francisco","11/15/2016 - 12/15/2016, Every day, Daily Average",1387,1092,1761
"1292","Presidio of San Francisco, San Francisco, CA","649","1000 Diamond Street, Noe Valley, San Francisco","11/15/2016 - 12/15/2016, Every day, Daily Average",1391,1100,1757
"1292","Presidio of San Francisco, San Francisco, CA","650","700 Rhode Island Street, Potrero Hill, San Francisco","11/15/2016 - 12/15/2016, Every day, Daily Average",1500,1092,2060
"1292","Presidio of San Francisco, San Francisco, CA","651","2900 22nd Street, Mission District, San Francisco","11/15/2016 - 12/15/2016, Every day, Daily Average",1747,1364,2236
"1292","Presidio of San Francisco, San Francisco, CA","652","300 Hale Street, Excelsior, San Francisco","11/15/2016 - 12/15/2016, Every day, Daily Average",1659,1222,2250
"1292","Presidio of San Francisco, San Francisco, CA","659","200 Staples Avenue, Outer Mission, San Francisco","11/15/2016 - 12/15/2016, Every day, Daily Average",1800,1430,2265
"1292","Presidio of San Francisco, San Francisco, CA","660","1900 Lawton Street, Sunset District, San Francisco","11/15/2016 - 12/15/2016, Every day, Daily Average",617,441,862
"1292","Presidio of San Francisco, San Francisco, CA","661","Building F, Buckingham Way, Lakeshore, San Francisco","11/15/2016 - 12/15/2016, Every day, Daily Average",1066,802,1415
"1292","Presidio of San Francisco, San Francisco, CA","662","1300 46th Avenue, Sunset District, San Francisco","11/15/2016 - 12/15/2016, Every day, Daily Average",855,648,1127
"1292","Presidio of San Francisco, San Francisco, CA","663","200 21st Avenue, Central Richmond, San Francisco","11/15/2016 - 12/15/2016, Every day, Daily Average",303,188,486
"1292","Presidio of San Francisco, San Francisco, CA","664","700 32nd Avenue, Richmond District, San Francisco","11/15/2016 - 12/15/2016, Every day, Daily Average",553,391,781
"1292","Presidio of San Francisco, San Francisco, CA","666","1200 El Camino Del Mar, Sea Cliff, San Francisco","11/15/2016 - 12/15/2016, Every day, Daily Average",543,394,747
"1292","Presidio of San Francisco, San Francisco, CA","675","200 Oriente Street, Bayshore Heights, Daly City","11/15/2016 - 12/15/2016, Every day, Daily Average",2307,1874,2838
"1292","Presidio of San Francisco, San Francisco, CA","676","300 Citrus Avenue, Daly City","11/15/2016 - 12/15/2016, Every day, Daily Average",1294,998,1677
"1292","Presidio of San Francisco, San Francisco, CA","677","0 Ridgefield Avenue, St. Francis, Daly City","11/15/2016 - 12/15/2016, Every day, Daily Average",1610,1252,2069
"1292","Presidio of San Francisco, San Francisco, CA","678","2500 Crestmoor Drive, San Bruno","11/15/2016 - 12/15/2016, Every day, Daily Average",1672,1318,2120
"1292","Presidio of San Francisco, San Francisco, CA","679","800 Paloma Avenue, Burlingame Terrace, Burlingame","11/15/2016 - 12/15/2016, Every day, Daily Average",2664,2071,3425
"1292","Presidio of San Francisco, San Francisco, CA","680","700 South Fremont Street, North Central, San Mateo","11/15/2016 - 12/15/2016, Every day, Daily Average",2592,2022,3321
"1292","Presidio of San Francisco, San Francisco, CA","682","1300 South Norfolk Street, Shoreview, San Mateo","11/15/2016 - 12/15/2016, Every day, Daily Average",2487,1976,3129
"1292","Presidio of San Francisco, San Francisco, CA","684","1100 Vailwood Way, South San Mateo, San Mateo","11/15/2016 - 12/15/2016, Every day, Daily Average",2713,2188,3362
"1292","Presidio of San Francisco, San Francisco, CA","722","800 Hibiscus Lane, West San Jose, San Jose","11/15/2016 - 12/15/2016, Every day, Daily Average",3967,3167,4967
"1292","Presidio of San Francisco, San Francisco, CA","741","1600 San Luis Avenue, Rex Manor, Mountain View","11/15/2016 - 12/15/2016, Every day, Daily Average",3604,2956,4393
"1292","Presidio of San Francisco, San Francisco, CA","744","Monte Bello Road (Trail), Cupertino","11/15/2016 - 12/15/2016, Every day, Daily Average",3387,2785,4117
"1292","Presidio of San Francisco, San Francisco, CA","755","800 Knight Street, Sonoma","11/15/2016 - 12/15/2016, Every day, Daily Average",3336,2517,4420
"1292","Presidio of San Francisco, San Francisco, CA","756","900 Wood Lane, Petaluma","11/15/2016 - 12/15/2016, Every day, Daily Average",2267,1773,2898
"1292","Presidio of San Francisco, San Francisco, CA","767","400 Jane Drive, Windsor","11/15/2016 - 12/15/2016, Every day, Daily Average",4001,3112,5142
"1292","Presidio of San Francisco, San Francisco, CA","768","8000 A Street, Windsor","11/15/2016 - 12/15/2016, Every day, Daily Average",3921,3070,5006
"1292","Presidio of San Francisco, San Francisco, CA","798","4000 Redwood Road, Napa","11/15/2016 - 12/15/2016, Every day, Daily Average",3219,2387,4340
"1292","Presidio of San Francisco, San Francisco, CA","808","3000 Adeline Street, Clawson, Oakland","11/15/2016 - 12/15/2016, Every day, Daily Average",2230,1707,2912
"1292","Presidio of San Francisco, San Francisco, CA","809","200 Santa Rosa Avenue, Grand Lake, Oakland","11/15/2016 - 12/15/2016, Every day, Daily Average",2388,1832,3111
"1292","Presidio of San Francisco, San Francisco, CA","810","2700 Pleasant Street, School, Oakland","11/15/2016 - 12/15/2016, Every day, Daily Average",2561,1989,3296
"1292","Presidio of San Francisco, San Francisco, CA","817","400 Oxford Way, Belmont","11/15/2016 - 12/15/2016, Every day, Daily Average",2749,2182,3462
"1292","Presidio of San Francisco, San Francisco, CA","818","700 Bay Road, Staumbaugh Heller, Redwood City","11/15/2016 - 12/15/2016, Every day, Daily Average",3014,2405,3775
"1292","Presidio of San Francisco, San Francisco, CA","834","7700 Lakeville Highway, Petaluma","11/15/2016 - 12/15/2016, Every day, Daily Average",2104,1624,2724
"1292","Presidio of San Francisco, San Francisco, CA","843","2400 Channing Way, Southside, Berkeley","11/15/2016 - 12/15/2016, Every day, Daily Average",2951,2285,3809
"1292","Presidio of San Francisco, San Francisco, CA","858","600 Geneva Avenue, Outer Mission, San Francisco","11/15/2016 - 12/15/2016, Every day, Daily Average",1845,1447,2351
"1292","Presidio of San Francisco, San Francisco, CA","859","2200 24th Avenue, Sunset District, San Francisco","11/15/2016 - 12/15/2016, Every day, Daily Average",772,564,1055
"1292","Presidio of San Francisco, San Francisco, CA","860","2300 Cabrillo Street, Richmond District, San Francisco","11/15/2016 - 12/15/2016, Every day, Daily Average",510,366,709
"1292","Presidio of San Francisco, San Francisco, CA","866","0 Bernard Street, Nob Hill, San Francisco","11/15/2016 - 12/15/2016, Every day, Daily Average",814,601,1102
"1292","Presidio of San Francisco, San Francisco, CA","867","2200 Post Street, Western Addition, San Francisco","11/15/2016 - 12/15/2016, Every day, Daily Average",754,550,1033
"1292","Presidio of San Francisco, San Francisco, CA","868","500 Diamond Street, Noe Valley, San Francisco","11/15/2016 - 12/15/2016, Every day, Daily Average",1358,1089,1692
"1292","Presidio of San Francisco, San Francisco, CA","870","1800 Marshall Petaluma Road, Petaluma","11/15/2016 - 12/15/2016, Every day, Daily Average",1845,1453,2342
"1292","Presidio of San Francisco, San Francisco, CA","886","4400 Telegraph Avenue, Temescal, Oakland","11/15/2016 - 12/15/2016, Every day, Daily Average",2457,1871,3225
"1292","Presidio of San Francisco, San Francisco, CA","905","1000 Pine Street, Lower Nob Hill, San Francisco","11/15/2016 - 12/15/2016, Every day, Daily Average",1096,840,1429
"1292","Presidio of San Francisco, San Francisco, CA","906","2700 Octavia Street, Cow Hollow, San Francisco","11/15/2016 - 12/15/2016, Every day, Daily Average",543,382,769
"1292","Presidio of San Francisco, San Francisco, CA","907","2500 Turk Street, Richmond District, San Francisco","11/15/2016 - 12/15/2016, Every day, Daily Average",648,444,945
"1292","Presidio of San Francisco, San Francisco, CA","908","1200 18th Street, Potrero Hill, San Francisco","11/15/2016 - 12/15/2016, Every day, Daily Average",1917,1484,2474
"1292","Presidio of San Francisco, San Francisco, CA","909","1400 40th Avenue, Sunset District, San Francisco","11/15/2016 - 12/15/2016, Every day, Daily Average",816,603,1102
"1292","Presidio of San Francisco, San Francisco, CA","910","700 La Playa Street, Richmond District, San Francisco","11/15/2016 - 12/15/2016, Every day, Daily Average",712,548,924
"1292","Presidio of San Francisco, San Francisco, CA","927","800 Aspen Way, Palo Verde, Palo Alto","11/15/2016 - 12/15/2016, Every day, Daily Average",3346,2735,4093
"1292","Presidio of San Francisco, San Francisco, CA","945","400 Santa Alicia Drive, Rohnert Park","11/15/2016 - 12/15/2016, Every day, Daily Average",2832,2257,3552
"1292","Presidio of San Francisco, San Francisco, CA","950","Old Sled Trail, Bolinas","11/15/2016 - 12/15/2016, Every day, Daily Average",260,171,394
"1292","Presidio of San Francisco, San Francisco, CA","963","600 Sutter Street, Lower Nob Hill, San Francisco","11/15/2016 - 12/15/2016, Every day, Daily Average",1204,923,1570
"1292","Presidio of San Francisco, San Francisco, CA","964","2900 Broderick Street, Cow Hollow, San Francisco","11/15/2016 - 12/15/2016, Every day, Daily Average",259,137,489
"1292","Presidio of San Francisco, San Francisco, CA","965","200 Topeka Avenue, Silver Terrace, San Francisco","11/15/2016 - 12/15/2016, Every day, Daily Average",2071,1629,2632
"1292","Presidio of San Francisco, San Francisco, CA","967","1400 32nd Avenue, Sunset District, San Francisco","11/15/2016 - 12/15/2016, Every day, Daily Average",741,519,1056
"1292","Presidio of San Francisco, San Francisco, CA","968","3200 Anza Street, Richmond District, San Francisco","11/15/2016 - 12/15/2016, Every day, Daily Average",439,299,644
"1292","Presidio of San Francisco, San Francisco, CA","1025","Briones to Mount Diablo Regional Trail, Walnut Creek","11/15/2016 - 12/15/2016, Every day, Daily Average",3040,2505,3688
"1292","Presidio of San Francisco, San Francisco, CA","1030","5300 Lawton Avenue, Shafter, Oakland","11/15/2016 - 12/15/2016, Every day, Daily Average",2504,1928,3250
"1292","Presidio of San Francisco, San Francisco, CA","1031","1100 Cambridge Drive, Lafayette","11/15/2016 - 12/15/2016, Every day, Daily Average",2895,2347,3570
"1292","Presidio of San Francisco, San Francisco, CA","1032","Shore Trail, Lafayette","11/15/2016 - 12/15/2016, Every day, Daily Average",2872,2316,3560
"1292","Presidio of San Francisco, San Francisco, CA","1036","Wilder Road, Wilder, Orinda","11/15/2016 - 12/15/2016, Every day, Daily Average",2707,2151,3405
"1292","Presidio of San Francisco, San Francisco, CA","1046","300 Grand Avenue, Adams Point, Oakland","11/15/2016 - 12/15/2016, Every day, Daily Average",2360,1868,2980
"1292","Presidio of San Francisco, San Francisco, CA","1049","6100 Harwood Avenue, Rockridge, Oakland","11/15/2016 - 12/15/2016, Every day, Daily Average",3059,2312,4047
"1292","Presidio of San Francisco, San Francisco, CA","1053","500 Haddon Road, Cleveland Heights, Oakland","11/15/2016 - 12/15/2016, Every day, Daily Average",2445,1905,3137
"1292","Presidio of San Francisco, San Francisco, CA","1057","6300 Brookside Avenue, Upper Rockridge, Oakland","11/15/2016 - 12/15/2016, Every day, Daily Average",2474,1942,3150
"1292","Presidio of San Francisco, San Francisco, CA","1060","3600 East 8th Street, South Kennedy Tract, Oakland","11/15/2016 - 12/15/2016, Every day, Daily Average",2655,1915,3680
"1292","Presidio of San Francisco, San Francisco, CA","1063","800 54th Avenue, Coliseum Industrial, Oakland","11/15/2016 - 12/15/2016, Every day, Daily Average",2728,1941,3833
"1292","Presidio of San Francisco, San Francisco, CA","1066","7200 Doolittle Drive, Oakland","11/15/2016 - 12/15/2016, Every day, Daily Average",2993,2155,4156
"1292","Presidio of San Francisco, San Francisco, CA","1068","1600 Poplar Street, West Oakland, Oakland","11/15/2016 - 12/15/2016, Every day, Daily Average",2290,1692,3098
"1292","Presidio of San Francisco, San Francisco, CA","1069","700 Hillside Avenue, Albany","11/15/2016 - 12/15/2016, Every day, Daily Average",2108,1601,2774
"1292","Presidio of San Francisco, San Francisco, CA","1080","Pier 2, Emeryville","11/15/2016 - 12/15/2016, Every day, Daily Average",2320,1740,3091
"1292","Presidio of San Francisco, San Francisco, CA","1111","John Slough, Novato","11/15/2016 - 12/15/2016, Every day, Daily Average",1726,1379,2160
"1292","Presidio of San Francisco, San Francisco, CA","1113","3500 Hicks Valley Road, Novato","11/15/2016 - 12/15/2016, Every day, Daily Average",2002,1667,2403
"1292","Presidio of San Francisco, San Francisco, CA","1114","0 Bahama Reef, Novato","11/15/2016 - 12/15/2016, Every day, Daily Average",1420,1141,1766
"1292","Presidio of San Francisco, San Francisco, CA","1115","Saint Vincents Drive, San Rafael","11/15/2016 - 12/15/2016, Every day, Daily Average",1193,928,1533
"1292","Presidio of San Francisco, San Francisco, CA","1117","700 Redwood Road, San Anselmo","11/15/2016 - 12/15/2016, Every day, Daily Average",1374,996,1893
"1292","Presidio of San Francisco, San Francisco, CA","1118","0 South Ridgewood Road, Kentfield","11/15/2016 - 12/15/2016, Every day, Daily Average",1132,835,1532
"1292","Presidio of San Francisco, San Francisco, CA","1119","0 Locust Avenue, Larkspur","11/15/2016 - 12/15/2016, Every day, Daily Average",879,631,1224
"1292","Presidio of San Francisco, San Francisco, CA","1120","0 Spindrift Passage, Corte Madera","11/15/2016 - 12/15/2016, Every day, Daily Average",768,571,1032
"1292","Presidio of San Francisco, San Francisco, CA","1121","300 Ridgewood Avenue, Mill Valley","11/15/2016 - 12/15/2016, Every day, Daily Average",533,396,716
"1292","Presidio of San Francisco, San Francisco, CA","1180","Cemetery Road, Yountville","11/15/2016 - 12/15/2016, Every day, Daily Average",4212,3572,4966
"1292","Presidio of San Francisco, San Francisco, CA","1183","700 Seymour Street, Napa","11/15/2016 - 12/15/2016, Every day, Daily Average",3621,2962,4426
"1292","Presidio of San Francisco, San Francisco, CA","1209","600 Woodside Drive, Woodside Hills, Woodside","11/15/2016 - 12/15/2016, Every day, Daily Average",2841,2320,3478
"1292","Presidio of San Francisco, San Francisco, CA","1210","Cypress Ridge Road, Redwood City","11/15/2016 - 12/15/2016, Every day, Daily Average",2525,2028,3143
"1292","Presidio of San Francisco, San Francisco, CA","1211","700 Coleman Avenue, Menlo Park","11/15/2016 - 12/15/2016, Every day, Daily Average",3322,2596,4250
"1292","Presidio of San Francisco, San Francisco, CA","1223","Redding Road, Sonoma","11/15/2016 - 12/15/2016, Every day, Daily Average",2705,2018,3624
"1292","Presidio of San Francisco, San Francisco, CA","1224","200 Ely Road North, Petaluma","11/15/2016 - 12/15/2016, Every day, Daily Average",2502,1953,3205
"1292","Presidio of San Francisco, San Francisco, CA","1225","0 Payran Street, Petaluma","11/15/2016 - 12/15/2016, Every day, Daily Average",2773,2109,3645
"1292","Presidio of San Francisco, San Francisco, CA","1244","800 Jackson Street, Chinatown, San Francisco","11/15/2016 - 12/15/2016, Every day, Daily Average",1123,835,1508
"1292","Presidio of San Francisco, San Francisco, CA","1245","500 Geary Street, Tenderloin, San Francisco","11/15/2016 - 12/15/2016, Every day, Daily Average",1260,972,1633
"1292","Presidio of San Francisco, San Francisco, CA","1246","300 McAllister Street, Civic Center, San Francisco","11/15/2016 - 12/15/2016, Every day, Daily Average",1219,934,1589
"1292","Presidio of San Francisco, San Francisco, CA","1247","100 Magnolia Street, Marina District, San Francisco","11/15/2016 - 12/15/2016, Every day, Daily Average",428,296,618
"1292","Presidio of San Francisco, San Francisco, CA","1257","2400 Octavia Street, Pacific Heights, San Francisco","11/15/2016 - 12/15/2016, Every day, Daily Average",689,470,1009
"1292","Presidio of San Francisco, San Francisco, CA","1258","2600 Broadway, Pacific Heights, San Francisco","11/15/2016 - 12/15/2016, Every day, Daily Average",397,210,747
"1292","Presidio of San Francisco, San Francisco, CA","1259","2100 Divisadero Street, Pacific Heights, San Francisco","11/15/2016 - 12/15/2016, Every day, Daily Average",469,283,774
"1292","Presidio of San Francisco, San Francisco, CA","1260","1800 Scott Street, Western Addition, San Francisco","11/15/2016 - 12/15/2016, Every day, Daily Average",570,396,819
"1292","Presidio of San Francisco, San Francisco, CA","1261","700 Presidio Avenue, Western Addition, San Francisco","11/15/2016 - 12/15/2016, Every day, Daily Average",482,302,768
"1292","Presidio of San Francisco, San Francisco, CA","1263","Eastern Route Trail, Santa Rosa","11/15/2016 - 12/15/2016, Every day, Daily Average",3482,2697,4494
"1292","Presidio of San Francisco, San Francisco, CA","1265","0 Stoneybrook Avenue, Excelsior, San Francisco","11/15/2016 - 12/15/2016, Every day, Daily Average",1852,1442,2377
"1292","Presidio of San Francisco, San Francisco, CA","1267","6400 Cottage Ridge Road, Santa Rosa","11/15/2016 - 12/15/2016, Every day, Daily Average",3781,2975,4804
"1292","Presidio of San Francisco, San Francisco, CA","1271","200 Bacon Street, Excelsior, San Francisco","11/15/2016 - 12/15/2016, Every day, Daily Average",1730,1234,2423
"1292","Presidio of San Francisco, San Francisco, CA","1273","200 Naglee Avenue, Outer Mission, San Francisco","11/15/2016 - 12/15/2016, Every day, Daily Average",1783,1337,2376
"1292","Presidio of San Francisco, San Francisco, CA","1275","0 McLaren Avenue, Sea Cliff, San Francisco","11/15/2016 - 12/15/2016, Every day, Daily Average",168,88,319
"1292","Presidio of San Francisco, San Francisco, CA","1276","1100 Golden Gate Avenue, Western Addition, San Francisco","11/15/2016 - 12/15/2016, Every day, Daily Average",949,719,1250
"1292","Presidio of San Francisco, San Francisco, CA","1277","300 Hayes Street, Civic Center, San Francisco","11/15/2016 - 12/15/2016, Every day, Daily Average",1080,815,1429
"1292","Presidio of San Francisco, San Francisco, CA","1278","100 Noe Street, The Castro, San Francisco","11/15/2016 - 12/15/2016, Every day, Daily Average",1196,932,1533
"1292","Presidio of San Francisco, San Francisco, CA","1279","1100 Folsom Street, South of Market, San Francisco","11/15/2016 - 12/15/2016, Every day, Daily Average",1537,1173,2012
"1292","Presidio of San Francisco, San Francisco, CA","1280","300 Church Street, Mission District, San Francisco","11/15/2016 - 12/15/2016, Every day, Daily Average",1340,1061,1691
"1292","Presidio of San Francisco, San Francisco, CA","1281","700 Guerrero Street, Mission Dolores, San Francisco","11/15/2016 - 12/15/2016, Every day, Daily Average",1569,1261,1951
"1292","Presidio of San Francisco, San Francisco, CA","1282","1600 Church Street, Noe Valley, San Francisco","11/15/2016 - 12/15/2016, Every day, Daily Average",1697,1396,2061
"1292","Presidio of San Francisco, San Francisco, CA","1291","1500 Balboa Street, Richmond District, San Francisco","11/15/2016 - 12/15/2016, Every day, Daily Average",329,216,500
"1292","Presidio of San Francisco, San Francisco, CA","1292","1300 Wright Loop, Presidio, San Francisco","11/15/2016 - 12/15/2016, Every day, Daily Average",197,96,400
"1292","Presidio of San Francisco, San Francisco, CA","1293","400 Moraga Street, Sunset District, San Francisco","11/15/2016 - 12/15/2016, Every day, Daily Average",727,484,1091
"1292","Presidio of San Francisco, San Francisco, CA","1294","600 Panorama Drive, Midtown Terrace, San Francisco","11/15/2016 - 12/15/2016, Every day, Daily Average",1280,982,1668
"1292","Presidio of San Francisco, San Francisco, CA","1295","0 Avoca Alley, West of Twin Peaks, San Francisco","11/15/2016 - 12/15/2016, Every day, Daily Average",1535,1215,1938
"1292","Presidio of San Francisco, San Francisco, CA","1296","1300 22nd Avenue, Sunset District, San Francisco","11/15/2016 - 12/15/2016, Every day, Daily Average",563,396,799
"1292","Presidio of San Francisco, San Francisco, CA","1297","100 Font Boulevard, Lakeshore, San Francisco","11/15/2016 - 12/15/2016, Every day, Daily Average",1189,903,1564
"1292","Presidio of San Francisco, San Francisco, CA","1298","200 3rd Avenue, Richmond District, San Francisco","11/15/2016 - 12/15/2016, Every day, Daily Average",350,174,702
"1292","Presidio of San Francisco, San Francisco, CA","1299","8700 Mission Rock Street, South of Market, San Francisco","11/15/2016 - 12/15/2016, Every day, Daily Average",1857,1446,2384
"1292","Presidio of San Francisco, San Francisco, CA","1300","200 John F Kennedy Drive, Golden Gate Park, San Francisco","11/15/2016 - 12/15/2016, Every day, Daily Average",558,362,858
"1292","Presidio of San Francisco, San Francisco, CA","1302","Tasman Drive, Santa Clara","11/15/2016 - 12/15/2016, Every day, Daily Average",4129,3324,5127
"1292","Presidio of San Francisco, San Francisco, CA","1304","2300 Lafayette Street, Santa Clara","11/15/2016 - 12/15/2016, Every day, Daily Average",3956,3184,4914
"1292","Presidio of San Francisco, San Francisco, CA","1360","300 Waverley Street, Downtown North, Palo Alto","11/15/2016 - 12/15/2016, Every day, Daily Average",3562,2793,4542
"1292","Presidio of San Francisco, San Francisco, CA","1361","26200 Catharine Court, Los Altos Hills","11/15/2016 - 12/15/2016, Every day, Daily Average",3367,2764,4100
"1292","Presidio of San Francisco, San Francisco, CA","1363","Reservoir Road, Stanford","11/15/2016 - 12/15/2016, Every day, Daily Average",3306,2651,4122
"1292","Presidio of San Francisco, San Francisco, CA","1437","200 Knowles Avenue, Daly City","11/15/2016 - 12/15/2016, Every day, Daily Average",1619,1219,2149
"1292","Presidio of San Francisco, San Francisco, CA","1438","300 87th Street, St. Francis, Daly City","11/15/2016 - 12/15/2016, Every day, Daily Average",1302,997,1699
"1292","Presidio of San Francisco, San Francisco, CA","1443","100 Serramonte Boulevard, Serramonte, Daly City","11/15/2016 - 12/15/2016, Every day, Daily Average",1404,1085,1815
"1292","Presidio of San Francisco, San Francisco, CA","1448","300 Baden Avenue, Downtown, South San Francisco","11/15/2016 - 12/15/2016, Every day, Daily Average",2391,1919,2978
"1292","Presidio of San Francisco, San Francisco, CA","1449","500 Forbes Boulevard, The East Side, South San Francisco","11/15/2016 - 12/15/2016, Every day, Daily Average",2094,1582,2771
"1292","Presidio of San Francisco, San Francisco, CA","1450","0 Brookhaven Court, Fairmont, Pacifica","11/15/2016 - 12/15/2016, Every day, Daily Average",1633,1248,2136
"1292","Presidio of San Francisco, San Francisco, CA","1451","400 Loma Vista Terrace, Sharp Park, Pacifica","11/15/2016 - 12/15/2016, Every day, Daily Average",1736,1338,2250
"1292","Presidio of San Francisco, San Francisco, CA","1452","200 Ramona Avenue, Vallemar, Pacifica","11/15/2016 - 12/15/2016, Every day, Daily Average",1704,1411,2057
"1292","Presidio of San Francisco, San Francisco, CA","1454","300 East 28th Avenue, South San Mateo, San Mateo","11/15/2016 - 12/15/2016, Every day, Daily Average",2563,2055,3195
"1292","Presidio of San Francisco, San Francisco, CA","1455","1800 Helene Court, East San Mateo, San Mateo","11/15/2016 - 12/15/2016, Every day, Daily Average",2491,1969,3150
"1292","Presidio of San Francisco, San Francisco, CA","1457","1500 Donner Avenue, San Bruno","11/15/2016 - 12/15/2016, Every day, Daily Average",1912,1487,2457
"1292","Presidio of San Francisco, San Francisco, CA","1458","0 Colorados Drive, Millbrae","11/15/2016 - 12/15/2016, Every day, Daily Average",2007,1573,2560
"1292","Presidio of San Francisco, San Francisco, CA","1461","200 North Fremont Street, Central San Mateo, San Mateo","11/15/2016 - 12/15/2016, Every day, Daily Average",2450,1935,3101
"1292","Presidio of San Francisco, San Francisco, CA","1464","200 Cupertino Way, South San Mateo, San Mateo","11/15/2016 - 12/15/2016, Every day, Daily Average",2676,2132,3358
"1292","Presidio of San Francisco, San Francisco, CA","1467","2600 Somerset Drive, Belmont","11/15/2016 - 12/15/2016, Every day, Daily Average",2450,1919,3126
"1292","Presidio of San Francisco, San Francisco, CA","1472","200 Oakhurst Place, Suburban Park - Lorelei Manor - Flood Park Triangle, Menlo Park","11/15/2016 - 12/15/2016, Every day, Daily Average",3140,2508,3931
"1292","Presidio of San Francisco, San Francisco, CA","1504","5800 Christie Avenue, Emeryville","11/15/2016 - 12/15/2016, Every day, Daily Average",2283,1738,2998
"1292","Presidio of San Francisco, San Francisco, CA","1512","2000 Essex Street, South Berkeley, Berkeley","11/15/2016 - 12/15/2016, Every day, Daily Average",2795,2240,3487
"1292","Presidio of San Francisco, San Francisco, CA","1513","Dwight D. Eisenhower Highway, Berkeley","11/15/2016 - 12/15/2016, Every day, Daily Average",2219,1712,2875
"1292","Presidio of San Francisco, San Francisco, CA","1528","6400 Gwin Road, Merriewood, Oakland","11/15/2016 - 12/15/2016, Every day, Daily Average",2567,2004,3286
"1292","Presidio of San Francisco, San Francisco, CA","1534","600 East 8th Street, Downtown Oakland, Oakland","11/15/2016 - 12/15/2016, Every day, Daily Average",2517,1821,3477
"1292","Presidio of San Francisco, San Francisco, CA","1536","2900 Sheffield Avenue, Reservoir Hills, Oakland","11/15/2016 - 12/15/2016, Every day, Daily Average",2508,1958,3211
"1292","Presidio of San Francisco, San Francisco, CA","1537","3200 Suter Street, Upper Peralta Creek, Oakland","11/15/2016 - 12/15/2016, Every day, Daily Average",2589,2002,3346
"1292","Presidio of San Francisco, San Francisco, CA","1559","500 Embarcadero West, Downtown Oakland, Oakland","11/15/2016 - 12/15/2016, Every day, Daily Average",2416,1779,3280
"1292","Presidio of San Francisco, San Francisco, CA","1608","1100 Studebaker Road, Saranap, Walnut Creek","11/15/2016 - 12/15/2016, Every day, Daily Average",3030,2495,3678
"1292","Presidio of San Francisco, San Francisco, CA","1629","500 Peru Avenue, Excelsior, San Francisco","11/15/2016 - 12/15/2016, Every day, Daily Average",1968,1562,2479
"1292","Presidio of San Francisco, San Francisco, CA","1630","800 Bacon Street, Excelsior, San Francisco","11/15/2016 - 12/15/2016, Every day, Daily Average",2122,1594,2823
"1292","Presidio of San Francisco, San Francisco, CA","1639","0 Curtis Street, Crocker-Amazon, San Francisco","11/15/2016 - 12/15/2016, Every day, Daily Average",1915,1507,2432
"1292","Presidio of San Francisco, San Francisco, CA","1646","100 Murray Street, Bernal Heights, San Francisco","11/15/2016 - 12/15/2016, Every day, Daily Average",1796,1410,2286
"1292","Presidio of San Francisco, San Francisco, CA","1647","500 Brunswick Street, Crocker-Amazon, San Francisco","11/15/2016 - 12/15/2016, Every day, Daily Average",1990,1566,2527
"1292","Presidio of San Francisco, San Francisco, CA","1648","Historic Trail, Inner Sunset, San Francisco","11/15/2016 - 12/15/2016, Every day, Daily Average",1068,818,1394
"1292","Presidio of San Francisco, San Francisco, CA","1649","1300 10th Avenue, Inner Sunset, San Francisco","11/15/2016 - 12/15/2016, Every day, Daily Average",919,671,1258
"1292","Presidio of San Francisco, San Francisco, CA","1650","1900 16th Avenue, Inner Sunset, San Francisco","11/15/2016 - 12/15/2016, Every day, Daily Average",722,524,994
"1292","Presidio of San Francisco, San Francisco, CA","1653","Petrolite Street, Richmond","11/15/2016 - 12/15/2016, Every day, Daily Average",1654,1215,2250
"1292","Presidio of San Francisco, San Francisco, CA","1654","Regatta Boulevard, Marina Bay, Richmond","11/15/2016 - 12/15/2016, Every day, Daily Average",1854,1398,2457
"1292","Presidio of San Francisco, San Francisco, CA","1674","200 Hyde Street, Tenderloin, San Francisco","11/15/2016 - 12/15/2016, Every day, Daily Average",1235,955,1595
"1292","Presidio of San Francisco, San Francisco, CA","1677","200 Funston Road, Marina District, San Francisco","11/15/2016 - 12/15/2016, Every day, Daily Average",417,269,645
"1292","Presidio of San Francisco, San Francisco, CA","1682","700 Haight Street, Lower Haight, San Francisco","11/15/2016 - 12/15/2016, Every day, Daily Average",989,754,1295
"1292","Presidio of San Francisco, San Francisco, CA","1686","0 The Embarcadero, North Beach, San Francisco","11/15/2016 - 12/15/2016, Every day, Daily Average",1129,858,1484
"1292","Presidio of San Francisco, San Francisco, CA","1687","1400 Powell Street, Russian Hill, San Francisco","11/15/2016 - 12/15/2016, Every day, Daily Average",876,655,1170
"1292","Presidio of San Francisco, San Francisco, CA","1688","1100 Taylor Street, Nob Hill, San Francisco","11/15/2016 - 12/15/2016, Every day, Daily Average",1120,848,1478
"1292","Presidio of San Francisco, San Francisco, CA","1689","200 Sutter Street, Financial District, San Francisco","11/15/2016 - 12/15/2016, Every day, Daily Average",1327,1009,1743
"1292","Presidio of San Francisco, San Francisco, CA","1690","900 Pine Street, Lower Nob Hill, San Francisco","11/15/2016 - 12/15/2016, Every day, Daily Average",1188,903,1561
"1292","Presidio of San Francisco, San Francisco, CA","1691","200 O'Farrell Street, Tenderloin, San Francisco","11/15/2016 - 12/15/2016, Every day, Daily Average",1358,1057,1743
"1292","Presidio of San Francisco, San Francisco, CA","1692","800 Mission Street, South of Market, San Francisco","11/15/2016 - 12/15/2016, Every day, Daily Average",1470,1128,1915
"1292","Presidio of San Francisco, San Francisco, CA","1694","700 Folsom Street, South of Market, San Francisco","11/15/2016 - 12/15/2016, Every day, Daily Average",1835,1417,2376
"1292","Presidio of San Francisco, San Francisco, CA","1695","5th Street, Treasure Island, San Francisco","11/15/2016 - 12/15/2016, Every day, Daily Average",1868,1367,2551
"1292","Presidio of San Francisco, San Francisco, CA","1696","4700 18th Street, Eureka Valley, San Francisco","11/15/2016 - 12/15/2016, Every day, Daily Average",1163,895,1511
"1292","Presidio of San Francisco, San Francisco, CA","1697","400 Burnett Avenue, Twin Peaks, San Francisco","11/15/2016 - 12/15/2016, Every day, Daily Average",1330,1035,1707
"1292","Presidio of San Francisco, San Francisco, CA","1698","3500 20th Street, Mission District, San Francisco","11/15/2016 - 12/15/2016, Every day, Daily Average",1538,1189,1989
"1292","Presidio of San Francisco, San Francisco, CA","1699","900 Sanchez Street, Dolores Heights, San Francisco","11/15/2016 - 12/15/2016, Every day, Daily Average",1524,1215,1910
"1292","Presidio of San Francisco, San Francisco, CA","1700","3900 25th Street, Noe Valley, San Francisco","11/15/2016 - 12/15/2016, Every day, Daily Average",1612,1290,2014
"1292","Presidio of San Francisco, San Francisco, CA","1701","600 28th Street, Noe Valley, San Francisco","11/15/2016 - 12/15/2016, Every day, Daily Average",1463,1152,1856
"1292","Presidio of San Francisco, San Francisco, CA","1702","100 Randall Street, Glen Park, San Francisco","11/15/2016 - 12/15/2016, Every day, Daily Average",1811,1492,2196
"1292","Presidio of San Francisco, San Francisco, CA","1703","2600 21st Street, Mission District, San Francisco","11/15/2016 - 12/15/2016, Every day, Daily Average",1501,1100,2047
"1292","Presidio of San Francisco, San Francisco, CA","1704","2900 24th Street, Mission District, San Francisco","11/15/2016 - 12/15/2016, Every day, Daily Average",1847,1382,2468
"1292","Presidio of San Francisco, San Francisco, CA","1705","0 Conkling Street, Silver Terrace, San Francisco","11/15/2016 - 12/15/2016, Every day, Daily Average",2096,1605,2736
"1292","Presidio of San Francisco, San Francisco, CA","1706","700 Bernal Heights Boulevard, Bernal Heights, San Francisco","11/15/2016 - 12/15/2016, Every day, Daily Average",1845,1454,2340
"1292","Presidio of San Francisco, San Francisco, CA","1707","100 Appleton Avenue, Bernal Heights, San Francisco","11/15/2016 - 12/15/2016, Every day, Daily Average",1940,1605,2344
"1292","Presidio of San Francisco, San Francisco, CA","1710","100 Morningside Drive, Lakeshore, San Francisco","11/15/2016 - 12/15/2016, Every day, Daily Average",983,734,1314
"1292","Presidio of San Francisco, San Francisco, CA","1718","300 Arballo Drive, Lakeshore, San Francisco","11/15/2016 - 12/15/2016, Every day, Daily Average",1140,865,1502
"1292","Presidio of San Francisco, San Francisco, CA","1720","2200 47th Avenue, Sunset District, San Francisco","11/15/2016 - 12/15/2016, Every day, Daily Average",1129,897,1420
"1292","Presidio of San Francisco, San Francisco, CA","1721","Bayfront Expressway, Menlo Park","11/15/2016 - 12/15/2016, Every day, Daily Average",3154,2525,3938
"1292","Presidio of San Francisco, San Francisco, CA","1722","200 9th Avenue, Richmond District, San Francisco","11/15/2016 - 12/15/2016, Every day, Daily Average",371,204,671
"1292","Presidio of San Francisco, San Francisco, CA","1723","600 Burrows Avenue, San Bruno","11/15/2016 - 12/15/2016, Every day, Daily Average",1853,1402,2447
"1292","Presidio of San Francisco, San Francisco, CA","1724","2200 Euclid Avenue, East Palo Alto","11/15/2016 - 12/15/2016, Every day, Daily Average",3278,2615,4108
"1292","Presidio of San Francisco, San Francisco, CA","1726","1700 Oakdell Drive, Menlo Park","11/15/2016 - 12/15/2016, Every day, Daily Average",3260,2665,3986
"1292","Presidio of San Francisco, San Francisco, CA","1728","800 Easton Avenue, San Bruno","11/15/2016 - 12/15/2016, Every day, Daily Average",1762,1394,2225
"1292","Presidio of San Francisco, San Francisco, CA","1729","1500 Adrian Road, Ingold - Milldale, Burlingame","11/15/2016 - 12/15/2016, Every day, Daily Average",2248,1752,2884
"1292","Presidio of San Francisco, San Francisco, CA","1730","0 Park Lane, Brisbane","11/15/2016 - 12/15/2016, Every day, Daily Average",1921,1431,2578
"1292","Presidio of San Francisco, San Francisco, CA","1732","0 Longview Drive, Westlake, Daly City","11/15/2016 - 12/15/2016, Every day, Daily Average",1617,1282,2038
"1292","Presidio of San Francisco, San Francisco, CA","1733","0 Barry Lane, West Atherton, Atherton","11/15/2016 - 12/15/2016, Every day, Daily Average",3057,2457,3802
"1292","Presidio of San Francisco, San Francisco, CA","1736","2500 Sand Hill Road, Sharon Heights, Menlo Park","11/15/2016 - 12/15/2016, Every day, Daily Average",3004,2469,3654
"1292","Presidio of San Francisco, San Francisco, CA","1737","700 Westridge Drive, Central Portola Valley, Portola Valley","11/15/2016 - 12/15/2016, Every day, Daily Average",2987,2429,3673
"1292","Presidio of San Francisco, San Francisco, CA","1738","1000 Wildwood Avenue, Westlake, Daly City","11/15/2016 - 12/15/2016, Every day, Daily Average",1577,1298,1915
"1292","Presidio of San Francisco, San Francisco, CA","1739","0 Reiner Street, Daly City","11/15/2016 - 12/15/2016, Every day, Daily Average",1321,1028,1696
"1292","Presidio of San Francisco, San Francisco, CA","1740","800 Campus Drive, Serramonte, Daly City","11/15/2016 - 12/15/2016, Every day, Daily Average",1688,1325,2149
"1292","Presidio of San Francisco, San Francisco, CA","1741","200 Morton Drive, Serramonte, Daly City","11/15/2016 - 12/15/2016, Every day, Daily Average",1913,1467,2494
"1292","Presidio of San Francisco, San Francisco, CA","1742","Junipero Serra Boulevard, Serra Highlands, South San Francisco","11/15/2016 - 12/15/2016, Every day, Daily Average",1858,1443,2391
"1292","Presidio of San Francisco, San Francisco, CA","1743","600 San Bruno Avenue East, San Bruno","11/15/2016 - 12/15/2016, Every day, Daily Average",1901,1490,2423
"1292","Presidio of San Francisco, San Francisco, CA","1744","1200 Helen Drive, Millbrae","11/15/2016 - 12/15/2016, Every day, Daily Average",1960,1536,2499
"1292","Presidio of San Francisco, San Francisco, CA","1745","Ed Taylor Trail, Burlingame Hills, Burlingame","11/15/2016 - 12/15/2016, Every day, Daily Average",2079,1623,2662
"1292","Presidio of San Francisco, San Francisco, CA","1746","600 North Delaware Street, Central San Mateo, San Mateo","11/15/2016 - 12/15/2016, Every day, Daily Average",2437,1921,3090
"1292","Presidio of San Francisco, San Francisco, CA","1747","1700 Coyote Point Drive, Shoreview, San Mateo","11/15/2016 - 12/15/2016, Every day, Daily Average",2395,1887,3038
"1292","Presidio of San Francisco, San Francisco, CA","1749","1600 Parrott Drive, South San Mateo, San Mateo","11/15/2016 - 12/15/2016, Every day, Daily Average",2539,2203,2925
"1292","Presidio of San Francisco, San Francisco, CA","1750","1700 Yorktown Road, San Mateo","11/15/2016 - 12/15/2016, Every day, Daily Average",2332,1873,2902
"1292","Presidio of San Francisco, San Francisco, CA","1752","200 West 25th Avenue, South San Mateo, San Mateo","11/15/2016 - 12/15/2016, Every day, Daily Average",2603,2236,3030
"1292","Presidio of San Francisco, San Francisco, CA","1755","3000 Los Prados Street, East San Mateo, San Mateo","11/15/2016 - 12/15/2016, Every day, Daily Average",2638,2089,3330
"1292","Presidio of San Francisco, San Francisco, CA","1759","600 Sylvan Way, Emerald Hills","11/15/2016 - 12/15/2016, Every day, Daily Average",2654,2166,3250
"1292","Presidio of San Francisco, San Francisco, CA","1762","500 Summit Spring Road, Woodside","11/15/2016 - 12/15/2016, Every day, Daily Average",2700,2068,3524
"1292","Presidio of San Francisco, San Francisco, CA","1764","300 26th Avenue, Central Richmond, San Francisco","11/15/2016 - 12/15/2016, Every day, Daily Average",373,221,627
"1292","Presidio of San Francisco, San Francisco, CA","1768","800 Balboa Street, Richmond District, San Francisco","11/15/2016 - 12/15/2016, Every day, Daily Average",533,356,795
"1292","Presidio of San Francisco, San Francisco, CA","1770","1800 32nd Avenue, Sunset District, San Francisco","11/15/2016 - 12/15/2016, Every day, Daily Average",927,681,1261
"1292","Presidio of San Francisco, San Francisco, CA","1771","0 Lopez Avenue, West of Twin Peaks, San Francisco","11/15/2016 - 12/15/2016, Every day, Daily Average",810,588,1115
"1292","Presidio of San Francisco, San Francisco, CA","1772","0 Rockaway Avenue, West of Twin Peaks, San Francisco","11/15/2016 - 12/15/2016, Every day, Daily Average",1345,1030,1754
"1292","Presidio of San Francisco, San Francisco, CA","1773","0 Majestic Avenue, Ingleside, San Francisco","11/15/2016 - 12/15/2016, Every day, Daily Average",1795,1376,2341
"1292","Presidio of San Francisco, San Francisco, CA","1774","200 Byxbee Street, Oceanview, San Francisco","11/15/2016 - 12/15/2016, Every day, Daily Average",1581,1167,2140
"1292","Presidio of San Francisco, San Francisco, CA","1775","100 Farallones Street, Oceanview, San Francisco","11/15/2016 - 12/15/2016, Every day, Daily Average",1839,1389,2433
"1292","Presidio of San Francisco, San Francisco, CA","1776","1800 25th Avenue, Sunset District, San Francisco","11/15/2016 - 12/15/2016, Every day, Daily Average",681,495,936
"1292","Presidio of San Francisco, San Francisco, CA","1777","7100 Geary Boulevard, Richmond District, San Francisco","11/15/2016 - 12/15/2016, Every day, Daily Average",584,428,795
"1292","Presidio of San Francisco, San Francisco, CA","1778","7700 Geary Boulevard, Richmond District, San Francisco","11/15/2016 - 12/15/2016, Every day, Daily Average",632,481,829
"1292","Presidio of San Francisco, San Francisco, CA","1779","500 John Muir Drive, Lakeshore, San Francisco","11/15/2016 - 12/15/2016, Every day, Daily Average",1251,958,1632
"1292","Presidio of San Francisco, San Francisco, CA","1780","1600 McKinnon Avenue, Bayview, San Francisco","11/15/2016 - 12/15/2016, Every day, Daily Average",2049,1608,2610
"1292","Presidio of San Francisco, San Francisco, CA","1781","1100 Carolina Street, Potrero Hill, San Francisco","11/15/2016 - 12/15/2016, Every day, Daily Average",1580,1148,2174
"1292","Presidio of San Francisco, San Francisco, CA","1783","1500 Mansell Street, Visitacion Valley, San Francisco","11/15/2016 - 12/15/2016, Every day, Daily Average",1962,1558,2469
"1292","Presidio of San Francisco, San Francisco, CA","1833","500 Logue Avenue, Mountain View","11/15/2016 - 12/15/2016, Every day, Daily Average",3746,3083,4550
"1292","Presidio of San Francisco, San Francisco, CA","1851","100 Primrose Way, Duveneck - St. Francis, Palo Alto","11/15/2016 - 12/15/2016, Every day, Daily Average",3399,2725,4239
"1292","Presidio of San Francisco, San Francisco, CA","1853","1400 Club View Terrace, Country Club, Los Altos","11/15/2016 - 12/15/2016, Every day, Daily Average",3474,2839,4250
"1292","Presidio of San Francisco, San Francisco, CA","1869","12900 Tripoli Court, Los Altos Hills","11/15/2016 - 12/15/2016, Every day, Daily Average",3401,2778,4162
"1292","Presidio of San Francisco, San Francisco, CA","1917","4900 Moorpark Avenue, Strawberry Park, San Jose","11/15/2016 - 12/15/2016, Every day, Daily Average",3879,3102,4850
"1292","Presidio of San Francisco, San Francisco, CA","1944","700 Girard Street, Visitacion Valley, San Francisco","11/15/2016 - 12/15/2016, Every day, Daily Average",1777,1308,2413
"1292","Presidio of San Francisco, San Francisco, CA","1997","17200 Gehricke Road, Sonoma","11/15/2016 - 12/15/2016, Every day, Daily Average",3390,2517,4565
"1292","Presidio of San Francisco, San Francisco, CA","1998","2300 Grove Street, Sonoma","11/15/2016 - 12/15/2016, Every day, Daily Average",3360,2579,4377
"1292","Presidio of San Francisco, San Francisco, CA","2002","2600 I Street, Petaluma","11/15/2016 - 12/15/2016, Every day, Daily Average",2370,1858,3022
"1292","Presidio of San Francisco, San Francisco, CA","2010","Pepperwood Preserve Road, Santa Rosa","11/15/2016 - 12/15/2016, Every day, Daily Average",4477,3657,5480
"1292","Presidio of San Francisco, San Francisco, CA","2011","Mc Near Road, Healdsburg","11/15/2016 - 12/15/2016, Every day, Daily Average",4440,3527,5588
"1292","Presidio of San Francisco, San Francisco, CA","2021","4600 Saint Helena Highway, Napa","11/15/2016 - 12/15/2016, Every day, Daily Average",4133,3404,5017
"1292","Presidio of San Francisco, San Francisco, CA","2049","2600 Goodwin Avenue, Penngrove","11/15/2016 - 12/15/2016, Every day, Daily Average",2655,2079,3389
"1292","Presidio of San Francisco, San Francisco, CA","2050","8800 Poplar Avenue, Cotati","11/15/2016 - 12/15/2016, Every day, Daily Average",2736,2171,3447
"1292","Presidio of San Francisco, San Francisco, CA","2051","5600 State Farm Drive, Rohnert Park","11/15/2016 - 12/15/2016, Every day, Daily Average",2896,2313,3624
"1292","Presidio of San Francisco, San Francisco, CA","2060","5000 Flightline Drive, Santa Rosa","11/15/2016 - 12/15/2016, Every day, Daily Average",3642,2858,4640
"1292","Presidio of San Francisco, San Francisco, CA","2067","3100 Linda Vista Avenue, Napa","11/15/2016 - 12/15/2016, Every day, Daily Average",3717,3105,4448
"1292","Presidio of San Francisco, San Francisco, CA","2105","300 Olive Avenue, Novato","11/15/2016 - 12/15/2016, Every day, Daily Average",1540,1235,1920
"1292","Presidio of San Francisco, San Francisco, CA","2114","0 Black Oak Lane, Novato","11/15/2016 - 12/15/2016, Every day, Daily Average",1793,1155,2782
"1292","Presidio of San Francisco, San Francisco, CA","2115","100 Sequoia Glen Lane, Novato","11/15/2016 - 12/15/2016, Every day, Daily Average",1468,1155,1865
"1292","Presidio of San Francisco, San Francisco, CA","2116","0 Waterbury Lane, Novato","11/15/2016 - 12/15/2016, Every day, Daily Average",1330,1050,1684
"1292","Presidio of San Francisco, San Francisco, CA","2117","0 Oxford Drive, San Rafael","11/15/2016 - 12/15/2016, Every day, Daily Average",1161,891,1512
"1292","Presidio of San Francisco, San Francisco, CA","2118","2500 Lucas Valley Road, San Rafael","11/15/2016 - 12/15/2016, Every day, Daily Average",1248,958,1625
"1292","Presidio of San Francisco, San Francisco, CA","2119","300 California Avenue, San Rafael","11/15/2016 - 12/15/2016, Every day, Daily Average",1336,1024,1742
"1292","Presidio of San Francisco, San Francisco, CA","2120","0 Reservoir Road, San Rafael","11/15/2016 - 12/15/2016, Every day, Daily Average",1043,753,1443
"1292","Presidio of San Francisco, San Francisco, CA","2121","2900 Kerner Boulevard, San Rafael","11/15/2016 - 12/15/2016, Every day, Daily Average",944,699,1274
"1292","Presidio of San Francisco, San Francisco, CA","2127","0 Hamilton Drive, Mill Valley","11/15/2016 - 12/15/2016, Every day, Daily Average",597,445,800
"1292","Presidio of San Francisco, San Francisco, CA","2130","300 Bolinas Road, Fairfax","11/15/2016 - 12/15/2016, Every day, Daily Average",1726,1322,2252
"1292","Presidio of San Francisco, San Francisco, CA","2131","700 Va Casitas, Greenbrae, Larkspur","11/15/2016 - 12/15/2016, Every day, Daily Average",1000,742,1346
"1292","Presidio of San Francisco, San Francisco, CA","2132","300 Vista Grande, Greenbrae, Kentfield","11/15/2016 - 12/15/2016, Every day, Daily Average",892,657,1209
"1292","Presidio of San Francisco, San Francisco, CA","2133","600 Manzanita Avenue, Corte Madera","11/15/2016 - 12/15/2016, Every day, Daily Average",762,554,1047
"1292","Presidio of San Francisco, San Francisco, CA","2134","300 San Rafael Avenue, Belvedere, Belvedere Tiburon","11/15/2016 - 12/15/2016, Every day, Daily Average",1091,858,1386
"1292","Presidio of San Francisco, San Francisco, CA","2135","0 Fairway Drive, Mill Valley","11/15/2016 - 12/15/2016, Every day, Daily Average",879,679,1136
"1292","Presidio of San Francisco, San Francisco, CA","2136","300 Carrera Drive, Mill Valley","11/15/2016 - 12/15/2016, Every day, Daily Average",486,368,640
"1292","Presidio of San Francisco, San Francisco, CA","2137","0 West Harbor Drive, Sausalito","11/15/2016 - 12/15/2016, Every day, Daily Average",422,322,552
"1292","Presidio of San Francisco, San Francisco, CA","2155","3100 North Shoreline Boulevard, Mountain View","11/15/2016 - 12/15/2016, Every day, Daily Average",3476,2792,4327
"1292","Presidio of San Francisco, San Francisco, CA","2156","Serres Lane, Sonoma","11/15/2016 - 12/15/2016, Every day, Daily Average",3800,2864,5040
"1292","Presidio of San Francisco, San Francisco, CA","2164","6200 Lockwood Drive, Windsor","11/15/2016 - 12/15/2016, Every day, Daily Average",3819,2997,4864
"1292","Presidio of San Francisco, San Francisco, CA","2169","1000 Liege Terrace, Morse Park, Sunnyvale","11/15/2016 - 12/15/2016, Every day, Daily Average",3839,3160,4663
"1292","Presidio of San Francisco, San Francisco, CA","2187","4200 Middle Harbor Road, Oakland","11/15/2016 - 12/15/2016, Every day, Daily Average",2188,1635,2926
"1292","Presidio of San Francisco, San Francisco, CA","2210","200 South 17th Street, Coronado, Richmond","11/15/2016 - 12/15/2016, Every day, Daily Average",1755,1304,2360
"1292","Presidio of San Francisco, San Francisco, CA","2213","800 40th Street, Longfellow, Oakland","11/15/2016 - 12/15/2016, Every day, Daily Average",2468,1873,3250
"1292","Presidio of San Francisco, San Francisco, CA","2215","1500 East 31st Street, Tuxedo, Oakland","11/15/2016 - 12/15/2016, Every day, Daily Average",2514,1961,3222
"1292","Presidio of San Francisco, San Francisco, CA","2218","5300 Underwood Avenue, Mills College, Oakland","11/15/2016 - 12/15/2016, Every day, Daily Average",2664,2132,3327
"1292","Presidio of San Francisco, San Francisco, CA","2222","Junipero Serra Freeway, Cupertino","11/15/2016 - 12/15/2016, Every day, Daily Average",3700,3009,4549
"1292","Presidio of San Francisco, San Francisco, CA","2223","1900 Scott Lane, Woodland Acres - The Highlands, Los Altos","11/15/2016 - 12/15/2016, Every day, Daily Average",3573,2915,4378
"1292","Presidio of San Francisco, San Francisco, CA","2231","100 Garden Lane, Millbrae","11/15/2016 - 12/15/2016, Every day, Daily Average",2176,1695,2792
"1292","Presidio of San Francisco, San Francisco, CA","2240","600 Campus Drive, Stanford","11/15/2016 - 12/15/2016, Every day, Daily Average",3627,2938,4476
"1292","Presidio of San Francisco, San Francisco, CA","2244","0 Crystal Springs Terrace, Hillsborough Park, Hillsborough","11/15/2016 - 12/15/2016, Every day, Daily Average",2252,1796,2823
"1292","Presidio of San Francisco, San Francisco, CA","2245","1400 Crestwood Court, South San Mateo, San Mateo","11/15/2016 - 12/15/2016, Every day, Daily Average",2489,2087,2968
"1292","Presidio of San Francisco, San Francisco, CA","2246","900 Baker Way, East San Mateo, San Mateo","11/15/2016 - 12/15/2016, Every day, Daily Average",2782,2230,3469
"1292","Presidio of San Francisco, San Francisco, CA","2247","J. Arthur Younger Freeway, Foster City","11/15/2016 - 12/15/2016, Every day, Daily Average",2878,2293,3611
"1292","Presidio of San Francisco, San Francisco, CA","2250","Hassler Trail, Redwood City","11/15/2016 - 12/15/2016, Every day, Daily Average",2565,2081,3161
"1292","Presidio of San Francisco, San Francisco, CA","2251","2100 Camino De Los Robles, University Heights, Menlo Park","11/15/2016 - 12/15/2016, Every day, Daily Average",3127,2570,3804
"1292","Presidio of San Francisco, San Francisco, CA","2262","0 Nova Lane, Novato","11/15/2016 - 12/15/2016, Every day, Daily Average",1772,1477,2124
"1292","Presidio of San Francisco, San Francisco, CA","2263","0 Snowden Lane, Oak Manor, Fairfax","11/15/2016 - 12/15/2016, Every day, Daily Average",1711,1307,2238
"1292","Presidio of San Francisco, San Francisco, CA","2281","0 Corte Palos Verdes, Tiburon, Belvedere Tiburon","11/15/2016 - 12/15/2016, Every day, Daily Average",699,518,942
"1292","Presidio of San Francisco, San Francisco, CA","2308","300 Fremont Street, South of Market, San Francisco","11/15/2016 - 12/15/2016, Every day, Daily Average",1555,1175,2056
"1292","Presidio of San Francisco, San Francisco, CA","2311","2700 Larkin Street, Russian Hill, San Francisco","11/15/2016 - 12/15/2016, Every day, Daily Average",597,439,810
"1292","Presidio of San Francisco, San Francisco, CA","2312","2100 Webster Street, Pacific Heights, San Francisco","11/15/2016 - 12/15/2016, Every day, Daily Average",654,467,915
"1292","Presidio of San Francisco, San Francisco, CA","2313","1300 Webster Street, Western Addition, San Francisco","11/15/2016 - 12/15/2016, Every day, Daily Average",865,660,1132
"1292","Presidio of San Francisco, San Francisco, CA","2314","300 Waller Street, Western Addition, San Francisco","11/15/2016 - 12/15/2016, Every day, Daily Average",1139,862,1503
"1292","Presidio of San Francisco, San Francisco, CA","2315","0 Duboce Avenue, South of Market, San Francisco","11/15/2016 - 12/15/2016, Every day, Daily Average",1295,977,1715
"1292","Presidio of San Francisco, San Francisco, CA","2316","2800 Folsom Street, Mission District, San Francisco","11/15/2016 - 12/15/2016, Every day, Daily Average",1790,1404,2280
"1292","Presidio of San Francisco, San Francisco, CA","2317","100 Coleridge Street, Bernal Heights, San Francisco","11/15/2016 - 12/15/2016, Every day, Daily Average",1831,1481,2262
"1292","Presidio of San Francisco, San Francisco, CA","2318","100 Santa Rosa Avenue, Outer Mission, San Francisco","11/15/2016 - 12/15/2016, Every day, Daily Average",1896,1502,2392
"1292","Presidio of San Francisco, San Francisco, CA","2319","300 Lisbon Street, Excelsior, San Francisco","11/15/2016 - 12/15/2016, Every day, Daily Average",2127,1734,2607
"1292","Presidio of San Francisco, San Francisco, CA","2321","400 Irving Street, Inner Sunset, San Francisco","11/15/2016 - 12/15/2016, Every day, Daily Average",951,715,1264
"1292","Presidio of San Francisco, San Francisco, CA","2322","100 Eastwood Drive, West of Twin Peaks, San Francisco","11/15/2016 - 12/15/2016, Every day, Daily Average",1578,1204,2067
"1292","Presidio of San Francisco, San Francisco, CA","2323","2600 40th Avenue, Sunset District, San Francisco","11/15/2016 - 12/15/2016, Every day, Daily Average",1068,818,1394
"1292","Presidio of San Francisco, San Francisco, CA","2330","0 Peoria Street, Crocker, Daly City","11/15/2016 - 12/15/2016, Every day, Daily Average",1931,1537,2425
"1292","Presidio of San Francisco, San Francisco, CA","2332","2700 Adeline Street, South Berkeley, Berkeley","11/15/2016 - 12/15/2016, Every day, Daily Average",3080,2419,3921
"1292","Presidio of San Francisco, San Francisco, CA","2337","200 The Alameda, San Anselmo","11/15/2016 - 12/15/2016, Every day, Daily Average",1534,1205,1951
"1292","Presidio of San Francisco, San Francisco, CA","2339","Frenchmans Creek Road, Half Moon Bay","11/15/2016 - 12/15/2016, Every day, Daily Average",2185,1728,2762
"1292","Presidio of San Francisco, San Francisco, CA","2340","0 Mason Street, Tenderloin, San Francisco","11/15/2016 - 12/15/2016, Every day, Daily Average",1443,1109,1877
"1292","Presidio of San Francisco, San Francisco, CA","2344","600 3rd Avenue, Richmond District, San Francisco","11/15/2016 - 12/15/2016, Every day, Daily Average",591,425,820
"1292","Presidio of San Francisco, San Francisco, CA","2349","1600 Ward Street, South Berkeley, Berkeley","11/15/2016 - 12/15/2016, Every day, Daily Average",2861,2046,3999
"1292","Presidio of San Francisco, San Francisco, CA","2363","18800 Barnhart Avenue, Rancho Rinconada, Cupertino","11/15/2016 - 12/15/2016, Every day, Daily Average",3928,3181,4850
"1292","Presidio of San Francisco, San Francisco, CA","2367","0 Los Norrabos, El Toyonal, Orinda","11/15/2016 - 12/15/2016, Every day, Daily Average",2651,2138,3286
"1292","Presidio of San Francisco, San Francisco, CA","2378","700 Welch Road, Palo Alto","11/15/2016 - 12/15/2016, Every day, Daily Average",3503,2889,4247
"1292","Presidio of San Francisco, San Francisco, CA","2400","100 Dublin Court, Petaluma","11/15/2016 - 12/15/2016, Every day, Daily Average",2483,2194,2808
"1292","Presidio of San Francisco, San Francisco, CA","2404","500 Fairway Drive, Novato","11/15/2016 - 12/15/2016, Every day, Daily Average",1340,1048,1713
"1292","Presidio of San Francisco, San Francisco, CA","2405","0 Upper Ames Avenue, Ross","11/15/2016 - 12/15/2016, Every day, Daily Average",1244,924,1673
"1292","Presidio of San Francisco, San Francisco, CA","2406","1700 Vistazo Street West, Tiburon, Belvedere Tiburon","11/15/2016 - 12/15/2016, Every day, Daily Average",999,781,1277
"1292","Presidio of San Francisco, San Francisco, CA","2429","1600 El Centro Avenue, Napa","11/15/2016 - 12/15/2016, Every day, Daily Average",3781,3168,4511
"1292","Presidio of San Francisco, San Francisco, CA","2437","3200 38th Avenue, Allendale, Oakland","11/15/2016 - 12/15/2016, Every day, Daily Average",2645,2125,3292
"1292","Presidio of San Francisco, San Francisco, CA","2441","100 Octavia Street, Western Addition, San Francisco","11/15/2016 - 12/15/2016, Every day, Daily Average",1146,871,1507
"1292","Presidio of San Francisco, San Francisco, CA","2442","2800 Mission Street, Mission District, San Francisco","11/15/2016 - 12/15/2016, Every day, Daily Average",1723,1356,2187
"1292","Presidio of San Francisco, San Francisco, CA","2443","500 22nd Street, Potrero Hill, San Francisco","11/15/2016 - 12/15/2016, Every day, Daily Average",1974,1550,2513
"1292","Presidio of San Francisco, San Francisco, CA","2448","200 Shorebird Circle, Redwood Shores, Redwood City","11/15/2016 - 12/15/2016, Every day, Daily Average",3019,2457,3708
"1292","Presidio of San Francisco, San Francisco, CA","2451","700 Westlake Center, Westlake, Daly City","11/15/2016 - 12/15/2016, Every day, Daily Average",1274,978,1658
"1292","Presidio of San Francisco, San Francisco, CA","2452","400 Verducci Drive, Serramonte, Daly City","11/15/2016 - 12/15/2016, Every day, Daily Average",1490,1167,1901
"1292","Presidio of San Francisco, San Francisco, CA","2453","0 Orange Court, Country Club Manor, Hillsborough","11/15/2016 - 12/15/2016, Every day, Daily Average",2182,1666,2856
"1292","Presidio of San Francisco, San Francisco, CA","2460","1300 Montgomery Street, North Beach, San Francisco","11/15/2016 - 12/15/2016, Every day, Daily Average",930,693,1246
"1292","Presidio of San Francisco, San Francisco, CA","2463","200 Moncada Way, Oceanview, San Francisco","11/15/2016 - 12/15/2016, Every day, Daily Average",1029,765,1382
"1292","Presidio of San Francisco, San Francisco, CA","2464","1700 47th Avenue, Sunset District, San Francisco","11/15/2016 - 12/15/2016, Every day, Daily Average",973,763,1239
"1292","Presidio of San Francisco, San Francisco, CA","2465","Diamond Cove Terrace, Bayview, San Francisco","11/15/2016 - 12/15/2016, Every day, Daily Average",1818,1340,2465
"1292","Presidio of San Francisco, San Francisco, CA","2466","400 Amador Street, Bayview, San Francisco","11/15/2016 - 12/15/2016, Every day, Daily Average",1963,1506,2557
"1292","Presidio of San Francisco, San Francisco, CA","2468","400 Mendocino Avenue, Santa Rosa","11/15/2016 - 12/15/2016, Every day, Daily Average",3323,2634,4191
"1292","Presidio of San Francisco, San Francisco, CA","2469","4200 Thomas Lake Harris Drive, Santa Rosa","11/15/2016 - 12/15/2016, Every day, Daily Average",3799,2983,4837
"1292","Presidio of San Francisco, San Francisco, CA","2471","3300 Juniper Avenue, Santa Rosa","11/15/2016 - 12/15/2016, Every day, Daily Average",3068,2503,3759
"1292","Presidio of San Francisco, San Francisco, CA","2495","100 Shrader Street, San Francisco","11/15/2016 - 12/15/2016, Every day, Daily Average",707,506,987
"1292","Presidio of San Francisco, San Francisco, CA","2496","100 Diamond Street, The Castro, San Francisco","11/15/2016 - 12/15/2016, Every day, Daily Average",1252,969,1617
"1292","Presidio of San Francisco, San Francisco, CA","2497","600 Tompkins Avenue, Bernal Heights, San Francisco","11/15/2016 - 12/15/2016, Every day, Daily Average",1744,1340,2269
"1292","Presidio of San Francisco, San Francisco, CA","2498","700 Rolph Street, Crocker-Amazon, San Francisco","11/15/2016 - 12/15/2016, Every day, Daily Average",2049,1624,2584
"1292","Presidio of San Francisco, San Francisco, CA","2499","400 Faxon Avenue, Ingleside, San Francisco","11/15/2016 - 12/15/2016, Every day, Daily Average",1627,1216,2176
"1292","Presidio of San Francisco, San Francisco, CA","2503","3700 Callan Boulevard, Westborough, South San Francisco","11/15/2016 - 12/15/2016, Every day, Daily Average",1551,1217,1976
"1292","Presidio of San Francisco, San Francisco, CA","2504","5900 Cabrillo Highway, Pacifica","11/15/2016 - 12/15/2016, Every day, Daily Average",1823,1523,2181
"1292","Presidio of San Francisco, San Francisco, CA","2505","1000 Commodore Drive, San Bruno","11/15/2016 - 12/15/2016, Every day, Daily Average",1714,1356,2166
"1292","Presidio of San Francisco, San Francisco, CA","2513","300 O' Connor Street, The Willows, Menlo Park","11/15/2016 - 12/15/2016, Every day, Daily Average",3348,2643,4240
"1292","Presidio of San Francisco, San Francisco, CA","2525","1200 Elko Drive, Sunnyvale","11/15/2016 - 12/15/2016, Every day, Daily Average",4099,3320,5060
"1292","Presidio of San Francisco, San Francisco, CA","2545","1400 Range Avenue, Santa Rosa","11/15/2016 - 12/15/2016, Every day, Daily Average",3338,2655,4195
"1292","Presidio of San Francisco, San Francisco, CA","2553","700 Rowland Boulevard, Novato","11/15/2016 - 12/15/2016, Every day, Daily Average",1417,1114,1801
"1292","Presidio of San Francisco, San Francisco, CA","2554","0 Oliver Lane, Mill Valley","11/15/2016 - 12/15/2016, Every day, Daily Average",591,456,765
"1292","Presidio of San Francisco, San Francisco, CA","2582","1200 Manzanita Drive, Millbrae","11/15/2016 - 12/15/2016, Every day, Daily Average",2021,1595,2559
"1292","Presidio of San Francisco, San Francisco, CA","2590","400 Hopper Street, Petaluma","11/15/2016 - 12/15/2016, Every day, Daily Average",2479,1966,3125
"1292","Presidio of San Francisco, San Francisco, CA","2597","3000 Telegraph Avenue, Pill Hill, Oakland","11/15/2016 - 12/15/2016, Every day, Daily Average",2231,1742,2855
"1292","Presidio of San Francisco, San Francisco, CA","2601","800 Cole Street, Ashbury Heights, San Francisco","11/15/2016 - 12/15/2016, Every day, Daily Average",959,723,1270
"1292","Presidio of San Francisco, San Francisco, CA","2605","0 Cable Roadway, Sausalito","11/15/2016 - 12/15/2016, Every day, Daily Average",321,237,433
"1292","Presidio of San Francisco, San Francisco, CA","2606","2100 Beach Street, Marina District, San Francisco","11/15/2016 - 12/15/2016, Every day, Daily Average",175,87,351
"1292","Presidio of San Francisco, San Francisco, CA","2607","100 Campus Drive, Stanford","11/15/2016 - 12/15/2016, Every day, Daily Average",3375,2776,4102
"1292","Presidio of San Francisco, San Francisco, CA","2613","1700 Eisenhower Street, Shoreview, San Mateo","11/15/2016 - 12/15/2016, Every day, Daily Average",2543,2012,3213
"1292","Presidio of San Francisco, San Francisco, CA","2614","100 West Portal Avenue, West of Twin Peaks, San Francisco","11/15/2016 - 12/15/2016, Every day, Daily Average",907,666,1234
"1292","Presidio of San Francisco, San Francisco, CA","2620","2200 McGee Avenue, Central Berkeley, Berkeley","11/15/2016 - 12/15/2016, Every day, Daily Average",3226,2132,4879
"1292","Presidio of San Francisco, San Francisco, CA","2622","300 Langton Street, South of Market, San Francisco","11/15/2016 - 12/15/2016, Every day, Daily Average",1693,1267,2260
"1292","Presidio of San Francisco, San Francisco, CA","2624","1300 16th Avenue, Inner Sunset, San Francisco","11/15/2016 - 12/15/2016, Every day, Daily Average",769,533,1108
"1292","Presidio of San Francisco, San Francisco, CA","2625","400 Alpha Street, Visitacion Valley, San Francisco","11/15/2016 - 12/15/2016, Every day, Daily Average",2191,1735,2766
"1292","Presidio of San Francisco, San Francisco, CA","2634","Dwight D. Eisenhower Highway, Albany","11/15/2016 - 12/15/2016, Every day, Daily Average",2138,1635,2794
"1292","Presidio of San Francisco, San Francisco, CA","2636","1300 San Anselmo Avenue, San Anselmo","11/15/2016 - 12/15/2016, Every day, Daily Average",1503,1178,1917
"1292","Presidio of San Francisco, San Francisco, CA","2643","1300 Egbert Avenue, Bayview, San Francisco","11/15/2016 - 12/15/2016, Every day, Daily Average",2261,1915,2668
"1292","Presidio of San Francisco, San Francisco, CA","2654","Robert Dollar Drive, San Rafael","11/15/2016 - 12/15/2016, Every day, Daily Average",1057,798,1398
"1292","Presidio of San Francisco, San Francisco, CA","2660","0 Burgess Court, Sausalito","11/15/2016 - 12/15/2016, Every day, Daily Average",409,321,520
"1292","Presidio of San Francisco, San Francisco, CA","2673","100 Rutledge Street, Bernal Heights, San Francisco","11/15/2016 - 12/15/2016, Every day, Daily Average",1607,1183,2182
"1292","Presidio of San Francisco, San Francisco, CA","2682","Middle Burdell Fire Road, Novato","11/15/2016 - 12/15/2016, Every day, Daily Average",1628,1309,2024
"1292","Presidio of San Francisco, San Francisco, CA","2694","1900 Buchanan Street, Western Addition, San Francisco","11/15/2016 - 12/15/2016, Every day, Daily Average",724,529,989
"1292","Presidio of San Francisco, San Francisco, CA","2695","2200 Rivera Street, Sunset District, San Francisco","11/15/2016 - 12/15/2016, Every day, Daily Average",1022,770,1355
"1292","Presidio of San Francisco, San Francisco, CA","2700","300 Ponderosa Road, Avalon, South San Francisco","11/15/2016 - 12/15/2016, Every day, Daily Average",1592,1254,2020
"1292","Presidio of San Francisco, San Francisco, CA","2708","200 Westview Drive, Sunshine Gardens, South San Francisco","11/15/2016 - 12/15/2016, Every day, Daily Average",2116,1638,2733